"구분별","상태별","항목","단위","2020. 01. 31","2020. 02. 01","2020. 02. 02","2020. 02. 03","2020. 02. 04","2020. 02. 05","2020. 02. 06","2020. 02. 07","2020. 02. 08","2020. 02. 09","2020. 02. 10","2020. 02. 11","2020. 02. 12","2020. 02. 13","2020. 02. 14","2020. 02. 15","2020. 02. 16","2020. 02. 17","2020. 02. 18","2020. 02. 19","2020. 02. 20","2020. 02. 21","2020. 02. 22","2020. 02. 23","2020. 02. 24","2020. 02. 25","2020. 02. 26","2020. 02. 27","2020. 02. 28","2020. 02. 29","2020. 03. 01","2020. 03. 02","2020. 03. 03","2020. 03. 04","2020. 03. 05","2020. 03. 06","2020. 03. 07","2020. 03. 08","2020. 03. 09","2020. 03. 10","2020. 03. 11","2020. 03. 12","2020. 03. 13","2020. 03. 14","2020. 03. 15","2020. 03. 16","2020. 03. 17","2020. 03. 18","2020. 03. 19","2020. 03. 20","2020. 03. 21","2020. 03. 22","2020. 03. 23","2020. 03. 24","2020. 03. 25","2020. 03. 26","2020. 03. 27","2020. 03. 28","2020. 03. 29","2020. 03. 30","2020. 03. 31","2020. 04. 01","2020. 04. 02","2020. 04. 03","2020. 04. 04","2020. 04. 05","2020. 04. 06","2020. 04. 07","2020. 04. 08","2020. 04. 09","2020. 04. 10","2020. 04. 11","2020. 04. 12","2020. 04. 13","2020. 04. 14","2020. 04. 15","2020. 04. 16","2020. 04. 17","2020. 04. 18","2020. 04. 19","2020. 04. 20","2020. 04. 21","2020. 04. 22","2020. 04. 23","2020. 04. 24","2020. 04. 25","2020. 04. 26","2020. 04. 27","2020. 04. 28","2020. 04. 29","2020. 04. 30","2020. 05. 01","2020. 05. 02","2020. 05. 03","2020. 05. 04","2020. 05. 05","2020. 05. 06","2020. 05. 07","2020. 05. 08","2020. 05. 09","2020. 05. 10","2020. 05. 11","2020. 05. 12","2020. 05. 13","2020. 05. 14","2020. 05. 15","2020. 05. 16","2020. 05. 17","2020. 05. 18","2020. 05. 19","2020. 05. 20","2020. 05. 21","2020. 05. 22","2020. 05. 23","2020. 05. 24","2020. 05. 25","2020. 05. 26","2020. 05. 27","2020. 05. 28","2020. 05. 29","2020. 05. 30","2020. 05. 31","2020. 06. 01","2020. 06. 02","2020. 06. 03","2020. 06. 04","2020. 06. 05","2020. 06. 06","2020. 06. 07","2020. 06. 08","2020. 06. 09","2020. 06. 10","2020. 06. 11","2020. 06. 12","2020. 06. 13","2020. 06. 14","2020. 06. 15","2020. 06. 16","2020. 06. 17","2020. 06. 18","2020. 06. 19","2020. 06. 20","2020. 06. 21","2020. 06. 22","2020. 06. 23","2020. 06. 24","2020. 06. 25","2020. 06. 26","2020. 06. 27","2020. 06. 28","2020. 06. 29","2020. 06. 30","2020. 07. 01","2020. 07. 02","2020. 07. 03","2020. 07. 04","2020. 07. 05","2020. 07. 06","2020. 07. 07","2020. 07. 08","2020. 07. 09","2020. 07. 10","2020. 07. 11","2020. 07. 12","2020. 07. 13","2020. 07. 14","2020. 07. 15","2020. 07. 16","2020. 07. 17","2020. 07. 18","2020. 07. 19","2020. 07. 20","2020. 07. 21","2020. 07. 22","2020. 07. 23","2020. 07. 24","2020. 07. 25","2020. 07. 26","2020. 07. 27","2020. 07. 28","2020. 07. 29","2020. 07. 30","2020. 07. 31","2020. 08. 01","2020. 08. 02","2020. 08. 03","2020. 08. 04","2020. 08. 05","2020. 08. 06","2020. 08. 07","2020. 08. 08","2020. 08. 09","2020. 08. 10","2020. 08. 11","2020. 08. 12","2020. 08. 13","2020. 08. 14","2020. 08. 15","2020. 08. 16","2020. 08. 17","2020. 08. 18","2020. 08. 19","2020. 08. 20","2020. 08. 21","2020. 08. 22","2020. 08. 23","2020. 08. 24","2020. 08. 25","2020. 08. 26","2020. 08. 27","2020. 08. 28","2020. 08. 29","2020. 08. 30","2020. 08. 31","2020. 09. 01","2020. 09. 02","2020. 09. 03","2020. 09. 04","2020. 09. 05","2020. 09. 06","2020. 09. 07","2020. 09. 08","2020. 09. 09","2020. 09. 10","2020. 09. 11","2020. 09. 12","2020. 09. 13","2020. 09. 14","2020. 09. 15","2020. 09. 16","2020. 09. 17","2020. 09. 18","2020. 09. 19","2020. 09. 20","2020. 09. 21","2020. 09. 22","2020. 09. 23","2020. 09. 24","2020. 09. 25","2020. 09. 26","2020. 09. 27","2020. 09. 28","2020. 09. 29","2020. 09. 30","2020. 10. 01","2020. 10. 02","2020. 10. 03","2020. 10. 04","2020. 10. 05","2020. 10. 06","2020. 10. 07","2020. 10. 08","2020. 10. 09","2020. 10. 10","2020. 10. 11","2020. 10. 12","2020. 10. 13","2020. 10. 14","2020. 10. 15","2020. 10. 16","2020. 10. 17","2020. 10. 18","2020. 10. 19","2020. 10. 20","2020. 10. 21","2020. 10. 22","2020. 10. 23","2020. 10. 24","2020. 10. 25","2020. 10. 26","2020. 10. 27","2020. 10. 28","2020. 10. 29","2020. 10. 30","2020. 10. 31","2020. 11. 01","2020. 11. 02","2020. 11. 03","2020. 11. 04","2020. 11. 05","2020. 11. 06","2020. 11. 07","2020. 11. 08","2020. 11. 09","2020. 11. 10","2020. 11. 11","2020. 11. 12","2020. 11. 13","2020. 11. 14","2020. 11. 15","2020. 11. 16","2020. 11. 17","2020. 11. 18","2020. 11. 19",
"전체","신규","인원","명","","","","","18","1","4","1","0","3","0","1","0","0","0","0","1","1","1","20","53","100","229","169","231","144","284","505","571","813","586","476","600","516","438","518","483","367","248","131","242","114","110","107","76","74","84","93","152","87","147","98","64","76","100","104","91","146","105","78","125","101","89","86","94","81","47","47","53","39","27","30","32","25","27","27","22","22","18","8","13","9","11","8","6","10","10","10","14","9","4","9","6","13","8","3","2","4","12","18","34","35","27","26","29","27","19","13","15","13","32","12","20","23","25","16","19","40","79","58","39","27","35","38","49","39","39","51","57","38","38","50","45","56","48","34","36","34","43","59","49","67","48","17","46","51","28","39","51","62","42","43","50","54","63","63","61","46","44","63","49","45","35","44","62","33","39","61","60","39","34","26","45","63","59","41","113","58","25","28","48","18","36","31","30","23","34","33","43","20","43","36","28","34","54","56","103","166","279","197","246","297","288","324","332","397","266","280","320","441","371","323","299","248","235","267","195","198","168","167","119","136","156","155","176","136","121","109","106","113","153","126","110","82","70","61","110","125","114","61","95","50","38","113","77","63","75","64","73","75","114","69","54","72","58","97","102","84","110","47","73","91","76","58","91","121","155","77","61","119","88","103","125","114","127","124","97","75","118","125","145","89","143","126","100","146","143","191","205","208","223","230","313","343",
"전체","누적","인원","명","0","","","0","18","19","23","24","24","27","27","28","28","28","28","28","29","30","31","51","104","204","433","602","833","977","1261","1766","2337","3150","3736","4212","4812","5328","5766","6284","6767","7134","7382","7513","7755","7869","7979","8086","8162","8236","8320","8413","8565","8652","8799","8897","8961","9037","9137","9241","9332","9478","9583","9661","9786","9887","9976","10062","10156","10237","10284","10331","10384","10423","10450","10480","10512","10537","10564","10591","10613","10635","10653","10661","10674","10683","10694","10702","10708","10718","10728","10738","10752","10761","10765","10774","10780","10793","10801","10804","10806","10810","10822","10840","10874","10909","10936","10962","10991","11018","11037","11050","11065","11078","11110","11122","11142","11165","11190","11206","11225","11265","11344","11402","11441","11468","11503","11541","11590","11629","11668","11719","11776","11814","11852","11902","11947","12003","12051","12085","12121","12155","12198","12257","12306","12373","12421","12438","12484","12535","12563","12602","12653","12715","12757","12800","12850","12904","12967","13030","13091","13137","13181","13244","13293","13338","13373","13417","13479","13512","13551","13612","13672","13711","13745","13771","13816","13879","13938","13979","14092","14150","14175","14203","14251","14269","14305","14336","14366","14389","14423","14456","14499","14519","14562","14598","14626","14660","14714","14770","14873","15039","15318","15515","15761","16058","16346","16670","17002","17399","17665","17945","18265","18706","19077","19400","19699","19947","20182","20449","20644","20842","21010","21177","21296","21432","21588","21743","21919","22055","22176","22285","22391","22504","22657","22783","22893","22975","23045","23106","23216","23341","23455","23516","23611","23661","23699","23812","23889","23952","24027","24091","24164","24239","24353","24422","24476","24548","24606","24703","24805","24889","24988","25035","25108","25199","25275","25333","25424","25543","25698","25775","25836","25955","26043","26146","26271","26385","26511","26635","26732","26807","26925","27050","27195","27284","27427","27553","27653","27799","27942","28133","28338","28546","28769","28998","29311","29654",
"전체","신규","인원","명","","","","","0","0","0","0","0","0","0","0","0","0","0","0","0","0","0","0","1","0","1","3","2","3","2","1","0","4","1","4","6","4","3","7","2","6","1","3","6","6","1","5","3","0","6","3","7","3","8","2","7","9","6","5","8","5","8","6","4","3","4","5","3","6","3","6","8","4","4","3","3","3","5","3","4","1","2","2","2","1","1","2","0","0","2","1","1","2","1","1","2","0","2","2","1","1","0","0","0","0","2","1","1","0","2","0","1","0","0","1","0","2","0","1","2","0","0","0","0","1","1","1","1","0","0","0","0","0","1","2","0","1","0","0","0","1","1","1","0","0","0","0","1","0","1","0","0","0","0","0","0","0","0","1","0","1","1","0","2","1","0","1","0","0","0","2","2","1","1","1","0","1","0","1","0","0","1","1","0","0","1","0","0","0","0","1","0","1","1","1","0","0","0","0","0","0","0","0","1","0","1","2","0","0","0","1","2","1","3","5","2","1","0","2","3","2","2","1","2","5","3","2","4","5","3","5","4","0","5","5","1","5","2","3","0","5","2","4","2","5","1","6","2","1","4","1","1","0","3","2","1","2","2","1","1","4","1","2","2","1","0","3","3","3","2","2","0","0","3","1","1","1","1","2","2","4","2","1","1","1","1","2","5","2","0","1","4","1","1","0","2","2",
"전체","누적","인원","명","0","","","0","0","0","0","0","0","0","0","0","0","0","0","0","0","0","0","0","1","1","2","5","7","10","12","13","13","17","18","22","28","32","35","42","44","50","51","54","60","66","67","72","75","75","81","84","91","94","102","104","111","120","126","131","139","144","152","158","162","165","169","174","177","183","186","192","200","204","208","211","214","217","222","225","229","230","232","234","236","237","238","240","240","240","242","243","244","246","247","248","250","250","252","254","255","256","256","256","256","256","258","259","260","260","262","262","263","263","263","264","264","266","266","267","269","269","269","269","269","270","271","272","273","273","273","273","273","273","274","276","276","277","277","277","277","278","279","280","280","280","280","280","281","281","282","282","282","282","282","282","282","282","282","283","283","284","285","285","287","288","288","289","289","289","289","291","293","294","295","296","296","297","297","298","298","298","299","300","300","300","301","301","301","301","301","302","302","303","304","305","305","305","305","305","305","305","305","305","306","306","307","309","309","309","309","310","312","313","316","321","323","324","324","326","329","331","333","334","336","341","344","346","350","355","358","363","367","367","372","377","378","383","385","388","388","393","395","399","401","406","407","413","415","416","420","421","422","422","425","427","428","430","432","433","434","438","439","441","443","444","444","447","450","453","455","457","457","457","460","461","462","463","464","466","468","472","474","475","476","477","478","480","485","487","487","488","492","493","494","494","496","498",
"남성","신규","인원","명","","","","","","","","","","","","","","","","","","","","","","","","","","","","","","","","","","","","","","","","","","","","","","","","","","","","","","","","","","","","","","","","","","","","","25","22","15","15","14","14","13","10","6","14","7","4","5","6","6","4","5","4","6","4","7","4","4","4","6","7","6","2","2","3","7","17","24","31","20","18","17","16","12","5","11","9","23","9","","","15","8","13","16","47","32","21","15","","","23","20","21","27","30","12","18","22","28","0","51","16","","","18","25","25","39","25","9","35","31","15","24","28","38","20","25","0","60","32","38","32","25","21","35","28","36","22","32","39","16","33","-33","115","23","21","19","25","39","39","23","96","49","12","22","32","13","24","23","21","15","23","23","34","13","23","17","14","20","34","31","51","70","102","75","90","109","133","148","145","157","118","137","145","207","175","141","154","114","114","133","87","94","82","79","66","73","76","76","77","81","0","114","48","67","74","57","45","0","84","37","59","65","54","25","42","26","27","77","43","38","47","40","47","50","53","39","","","34","56","64","51","21","21","26","49","34","38","47","59","73","41","26","51","41","46","68","54","63","","","43","61","63","74","50","76","57","56","68","77","91","","","118","117","184","181",
"남성","누적","인원","명","","","","","","","","","","","","","","","","","","","","","","","","","","","","","","","","","","","","","","","","","","","","","","","","","","","","","","","","","","","","","","","3905","","","","","4138","4163","4185","4200","4215","4229","4243","4256","4266","4272","4286","4293","4297","4302","4308","4314","4318","4323","4327","4333","4337","4344","4348","4352","4356","4362","4369","4375","4377","4379","4382","4389","4406","4430","4461","4481","4499","4516","4532","4544","4549","4560","4569","4592","4601","","4628","4643","4651","4664","4680","4727","4759","4780","4795","","4829","4852","4872","4893","4920","4950","4962","4980","5002","5030","5030","5081","5097","","5138","5156","5181","5206","5245","5270","5279","5314","5345","5360","5384","5412","5450","5470","5495","5495","5555","5587","5625","5657","5682","5703","5738","5766","5802","5824","5856","5895","5911","5944","5911","6026","6049","6070","6089","6114","6153","6192","6215","6311","6360","6372","6394","6426","6439","6463","6486","6507","6522","6545","6568","6602","6615","6638","6655","6669","6689","6723","6754","6805","6875","6977","7052","7142","7251","7384","7532","7677","7834","7952","8089","8234","8441","8616","8757","8911","9025","9139","9272","9359","9453","9535","9614","9680","9753","9829","9905","9982","10063","10063","10177","10225","10292","10366","10423","10468","10468","10552","10589","10648","10713","10767","10792","10834","10860","10887","10964","11007","11045","11092","11132","11179","11229","11282","11321","","11389","11423","11479","11543","11594","11615","11636","11662","11711","11745","11783","11830","11889","11962","12003","12029","12080","12121","12167","12235","12289","12352","","12460","12503","12564","12627","12701","12751","12827","12884","12940","13008","13085","13176","","13381","13499","13616","13800","13981",
"남성","신규","인원","명","","","","","","","","","","","","","","","","","","","","","","","","","","","","","","","","","","","","","","","","","","","","","","","","","","","","","","","","","","","","","","","","","","","","","5","1","2","2","2","2","1","2","4","0","2","0","1","0","1","1","0","0","0","0","1","1","1","0","0","0","1","0","1","1","0","0","0","0","0","1","1","0","1","0","1","0","0","1","","","0","1","1","0","0","0","0","1","","","1","0","0","0","0","0","1","1","0","0","0","0","","","1","1","0","0","0","0","0","0","1","0","0","0","0","0","0","0","0","0","0","0","1","0","1","0","0","0","0","0","0","1","0","1","0","1","0","1","0","1","0","0","0","1","0","0","1","0","-54","54","0","0","0","0","1","1","0","0","0","0","0","0","0","0","1","0","0","0","0","0","0","1","1","0","2","3","2","0","0","1","1","1","1","0","2","3","1","1","2","1","0","4","2","0","3","3","1","0","3","1","0","4","1","3","2","3","0","1","2","1","4","1","1","0","1","2","","","1","0","1","1","0","1","1","0","0","2","3","1","1","2","0","0","2","1","0","1","0","","","0","0","1","1","0","1","0","3","2","0","0","","","0","0","1","1",
"남성","누적","인원","명","","","","","","","","","","","","","","","","","","","","","","","","","","","","","","","","","","","","","","","","","","","","","","","","","","","","","","","","","","","","","","","82","","","","","101","106","107","109","111","113","115","116","118","122","122","124","124","125","125","126","127","127","127","127","127","128","129","130","130","130","130","131","131","132","133","133","133","133","133","133","134","135","135","136","136","137","137","137","138","","140","140","141","142","142","142","142","142","143","","144","145","145","145","145","145","145","146","147","147","147","147","147","","148","149","150","150","150","150","150","150","150","151","151","151","151","151","151","151","151","151","151","151","151","152","152","153","153","153","153","153","153","153","154","154","155","155","156","156","157","157","158","158","158","158","159","159","159","160","160","106","160","160","160","160","160","161","162","162","162","162","162","162","162","162","162","163","163","163","163","163","163","163","164","165","165","167","170","172","172","172","173","174","175","176","176","178","181","182","183","185","186","186","190","192","192","195","198","199","199","202","203","203","207","208","211","213","216","216","217","219","220","224","225","226","226","227","229","","230","231","231","232","233","233","234","235","235","235","237","240","241","242","244","244","244","246","247","247","248","248","","249","249","249","250","251","251","252","252","255","257","257","257","","260","260","260","261","262",
"여성","신규","인원","명","","","","","","","","","","","","","","","","","","","","","","","","","","","","","","","","","","","","","","","","","","","","","","","","","","","","","","","","","","","","","","","","","","","","","28","17","12","15","18","11","14","17","16","8","11","4","8","3","5","4","1","6","4","6","7","5","0","5","0","6","2","1","0","1","5","1","10","4","7","8","12","11","7","8","4","4","9","3","","","10","8","6","24","32","26","18","12","","","26","19","18","24","27","26","20","28","17","0","53","18","","","25","34","24","28","23","8","11","20","13","15","23","24","22","18","0","44","31","25","29","21","23","28","21","9","13","12","23","17","6","-6","45","16","13","7","20","24","20","18","17","9","13","6","16","5","12","8","9","8","11","10","9","7","20","19","14","14","20","25","52","96","177","122","156","188","155","176","187","240","148","143","175","234","196","182","145","134","121","134","108","104","86","88","53","63","80","79","99","55","0","116","58","46","79","69","65","0","68","24","51","60","60","36","53","24","11","36","34","25","28","24","26","25","61","30","","","24","41","38","33","78","26","47","42","42","20","44","60","82","36","35","68","47","57","57","60","63","","","32","57","62","71","39","67","69","44","78","66","100","","","105","112","129","162",
"여성","누적","인원","명","","","","","","","","","","","","","","","","","","","","","","","","","","","","","","","","","","","","","","","","","","","","","","","","","","","","","","","","","","","","","","","5881","","","","","6193","6221","6238","6250","6265","6283","6294","6308","6325","6341","6349","6360","6364","6372","6375","6380","6384","6385","6391","6395","6401","6408","6413","6413","6418","6418","6424","6426","6427","6427","6428","6433","6434","6444","6448","6455","6463","6475","6486","6493","6501","6505","6509","6518","6521","","6537","6547","6555","6561","6585","6617","6643","6661","6673","","6712","6738","6757","6775","6799","6826","6852","6872","6900","6917","6917","6970","6988","","7017","7042","7076","7100","7128","7151","7159","7170","7190","7203","7218","7241","7265","7287","7305","7305","7349","7380","7405","7434","7455","7478","7506","7527","7536","7549","7561","7584","7601","7607","7601","7646","7662","7675","7682","7702","7726","7746","7764","7781","7790","7803","7809","7825","7830","7842","7850","7859","7867","7878","7888","7897","7904","7924","7943","7957","7971","7991","8016","8068","8164","8341","8463","8619","8807","8962","9138","9325","9565","9713","9856","10031","10265","10461","10643","10788","10922","11043","11177","11285","11389","11475","11563","11616","11679","11759","11838","11937","11992","11992","12108","12166","12212","12291","12360","12425","12425","12493","12517","12568","12628","12688","12724","12777","12801","12812","12848","12882","12907","12935","12959","12985","13010","13071","13101","","13159","13183","13224","13262","13295","13373","13399","13446","13488","13530","13550","13594","13654","13736","13772","13807","13875","13922","13979","14036","14096","14159","","14272","14304","14361","14423","14494","14533","14600","14669","14713","14791","14857","14957","","15165","15270","15382","15511","15673",
"여성","신규","인원","명","","","","","","","","","","","","","","","","","","","","","","","","","","","","","","","","","","","","","","","","","","","","","","","","","","","","","","","","","","","","","","","","","","","","","3","3","2","1","1","1","4","1","0","1","0","2","1","1","0","1","0","0","2","1","0","1","0","1","2","0","1","2","0","0","0","0","0","0","2","0","0","0","1","0","0","0","0","0","","","0","0","1","0","0","0","0","0","","","0","0","0","0","0","0","0","1","0","0","1","0","","","0","0","0","0","0","0","21","-20","0","0","0","0","0","0","0","0","0","1","0","1","0","0","1","1","0","1","0","0","0","1","2","0","1","0","0","0","0","0","0","0","1","0","0","0","0","0","-47","47","0","1","0","1","0","0","0","0","0","0","0","0","0","0","0","0","1","2","0","0","0","0","1","1","1","2","0","1","0","1","2","1","1","1","0","2","2","1","2","4","0","4","2","0","2","2","0","0","4","2","0","1","1","1","0","2","1","5","0","0","0","0","0","0","2","0","","","1","1","0","3","1","1","1","1","0","1","0","2","1","0","0","0","1","0","1","0","1","","","4","2","0","0","1","0","2","2","0","0","1","","","1","0","1","1",
"여성","누적","인원","명","","","","","","","","","","","","","","","","","","","","","","","","","","","","","","","","","","","","","","","","","","","","","","","","","","","","","","","","","","","","","","","80","","","","","91","94","97","99","100","101","102","106","107","107","108","108","110","111","112","112","113","113","113","115","116","116","117","117","118","120","120","121","123","123","123","123","123","123","123","125","125","125","125","126","126","126","126","126","126","","126","126","126","127","127","127","127","127","127","","128","128","128","128","128","128","128","128","129","129","129","130","130","","130","130","130","130","130","130","130","151","131","131","131","131","131","131","131","131","131","131","132","132","133","133","133","134","135","135","136","136","136","136","137","139","139","140","140","140","140","140","140","140","140","141","141","141","141","141","141","94","141","141","142","142","143","143","143","143","143","143","143","143","143","143","143","143","143","144","146","146","146","146","146","147","148","149","151","151","152","152","153","155","156","157","158","158","160","162","163","165","169","169","173","175","175","177","179","179","179","183","185","185","186","187","188","188","190","191","196","196","196","196","196","196","196","198","198","","200","201","202","202","205","206","207","208","209","209","210","210","212","213","213","213","213","214","214","215","215","216","","219","223","225","225","225","226","226","228","230","230","230","231","","233","234","234","235","236",
"0-9세","신규","인원","명","","","","","","","","","","","","","","","","","","","","","","","","","","","","","","","","","","","","","","","","","","","","","","","","","","","","","","","","","","","","","","","","","","","","","0","2","1","1","0","2","0","0","3","1","2","0","0","0","0","0","0","1","2","-1","0","0","0","0","0","0","0","0","0","0","1","0","0","0","1","1","0","2","2","0","0","1","0","0","","","0","0","1","3","2","1","1","0","","","1","1","1","3","1","1","0","1","1","0","0","0","","","2","1","0","2","0","0","3","2","1","1","1","2","3","3","0","1","2","3","3","4","1","1","2","3","1","2","3","2","1","-1","10","3","3","2","1","0","0","1","1","0","1","2","0","0","1","1","2","2","4","1","0","0","1","4","0","0","1","2","4","4","3","5","5","14","12","6","11","16","9","15","13","9","16","16","10","10","14","10","7","9","3","8","3","5","6","12","3","4","0","6","6","","","","","0","2","1","4","","","1","1","4","1","5","6","3","1","0","0","5","1","6","","","4","8","5","4","5","0","2","2","2","3","1","2","2","7","5","6","2","","","","7","","","","2","1","9","1","3","3","3","6","6","7","","","6","10","5","22",
"0-9세","누적","인원","명","","","","","","","","","","","","","","","","","","","","","","","","","","","","","","","","","","","","","","","","","","","","","","","","","","","","","","","","","","","","","","","112","","","","","126","126","128","129","130","130","132","132","132","135","136","138","138","138","138","138","138","138","139","141","140","140","140","140","140","140","140","140","140","140","140","141","141","141","141","142","143","143","145","147","147","147","148","148","148","","149","149","149","150","153","155","156","157","157","","158","159","160","161","164","165","166","166","167","168","168","168","168","","172","174","175","175","177","177","177","180","182","183","184","185","187","190","193","193","194","196","199","202","206","207","208","210","213","214","216","219","221","222","221","231","234","237","239","240","240","240","241","242","242","243","245","245","245","246","247","249","251","255","256","256","256","257","261","261","261","262","264","268","272","275","280","285","299","311","317","328","344","353","368","381","390","406","422","432","442","456","466","473","482","485","493","496","501","507","519","522","526","526","532","538","","544","","548","548","550","551","555","","566","567","568","572","573","578","584","587","588","588","588","593","594","600","","602","606","614","619","623","628","628","630","632","634","637","638","640","642","649","654","660","662","","","685","692","","","707","709","710","719","720","723","726","729","735","741","748","","768","774","784","789","811",
"0-9세","신규","인원","명","","","","","","","","","","","","","","","","","","","","","","","","","","","","","","","","","","","","","","","","","","","","","","","","","","","","","","","","","","","","","","","","","","","","","0","0","0","0","0","0","0","0","0","0","0","0","0","0","0","0","0","0","0","0","0","0","0","0","0","0","0","0","0","0","0","0","0","0","0","0","0","0","0","0","0","0","0","0","","","0","0","0","0","0","0","0","0","","","0","0","0","0","0","0","0","0","0","0","0","0","","","0","0","0","0","0","0","0","0","0","0","0","0","0","0","0","0","0","0","0","0","0","0","0","0","0","0","0","0","0","0","0","0","0","0","0","0","0","0","0","0","0","0","0","0","0","0","0","0","0","0","0","0","0","0","0","0","0","0","0","0","0","0","0","0","0","0","0","0","0","0","0","0","0","0","0","0","0","0","0","0","0","0","0","0","0","0","0","0","0","0","0","","","","","0","0","0","0","","","0","0","0","0","0","0","0","0","0","0","0","0","0","","","0","0","0","0","0","0","0","0","0","0","0","0","0","0","0","0","0","","","","0","","","","0","0","0","0","0","0","0","0","0","0","","","0","0","0","0",
"0-9세","누적","인원","명","","","","","","","","","","","","","","","","","","","","","","","","","","","","","","","","","","","","","","","","","","","","","","","","","","","","","","","","","","","","","","","0","","","","","0","0","0","0","0","0","0","0","0","0","0","0","0","0","0","0","0","0","0","0","0","0","0","0","0","0","0","0","0","0","0","0","0","0","0","0","0","0","0","0","0","0","0","0","0","","0","0","0","0","0","0","0","0","0","","0","0","0","0","0","0","0","0","0","0","0","0","0","","0","0","0","0","0","0","0","0","0","0","0","0","0","0","0","0","0","0","0","0","0","0","0","0","0","0","0","0","0","0","0","0","0","0","0","0","0","0","0","0","0","0","0","0","0","0","0","0","0","0","0","0","0","0","0","0","0","0","0","0","0","0","0","0","0","0","0","0","0","0","0","0","0","0","0","0","0","0","0","0","0","0","0","0","0","0","0","0","0","0","0","0","","0","","0","0","0","0","0","","0","0","0","0","0","0","0","0","0","0","0","0","0","0","","0","0","0","0","0","0","0","0","0","0","0","0","0","0","0","0","0","0","","","0","0","","","0","0","0","0","0","0","0","0","0","0","0","","0","0","0","0","0",
"10-19세","신규","인원","명","","","","","","","","","","","","","","","","","","","","","","","","","","","","","","","","","","","","","","","","","","","","","","","","","","","","","","","","","","","","","","","","","","","","","4","4","1","5","3","1","3","4","3","4","0","2","3","1","1","1","1","1","0","2","2","0","0","0","0","1","0","0","0","1","0","2","3","1","4","1","11","3","2","1","1","0","6","4","","","2","1","1","2","4","6","5","0","","","2","0","2","1","6","2","0","2","3","0","4","0","","","1","1","2","4","1","1","0","1","3","2","2","3","1","4","0","4","10","2","3","1","2","3","4","3","0","6","4","2","1","-1","4","4","2","2","1","7","4","1","1","0","1","2","1","0","0","0","0","3","5","3","4","4","1","1","0","0","7","6","10","10","23","13","18","17","35","19","19","35","13","19","13","27","17","18","12","11","17","12","7","7","6","3","5","8","8","4","3","5","0","6","8","","","","","0","8","2","4","","","6","4","4","2","5","4","6","1","4","3","8","2","5","","","0","2","7","7","3","2","2","4","3","3","4","2","11","7","7","5","7","","","","5","","","","3","8","7","5","4","6","9","5","13","9","","","12","12","16","43",
"10-19세","누적","인원","명","","","","","","","","","","","","","","","","","","","","","","","","","","","","","","","","","","","","","","","","","","","","","","","","","","","","","","","","","","","","","","","515","","","","","544","548","552","553","558","561","562","565","569","572","576","576","578","581","582","583","584","585","586","586","588","590","590","590","590","590","591","591","591","591","592","592","594","597","598","602","603","614","617","619","620","621","621","627","631","","634","636","637","638","640","644","650","655","655","","659","661","661","663","664","670","672","672","674","677","677","681","681","","682","683","684","686","690","691","692","692","693","696","698","700","703","704","708","708","712","722","724","727","728","730","733","737","740","740","746","750","752","753","752","756","760","762","764","765","772","776","777","778","778","779","781","782","782","782","782","782","785","790","793","797","801","802","803","803","803","810","816","826","836","859","872","890","907","942","961","980","1015","1028","1047","1060","1087","1104","1122","1134","1145","1162","1174","1181","1188","1194","1197","1202","1210","1218","1222","1225","1230","1230","1236","1244","","1255","","1264","1264","1272","1274","1278","","1285","1291","1295","1299","1301","1306","1310","1316","1317","1321","1324","1332","1334","1339","","1353","1353","1355","1362","1369","1372","1374","1376","1380","1383","1386","1390","1392","1403","1410","1417","1422","1429","","","1452","1457","","","1485","1488","1496","1503","1508","1512","1518","1527","1532","1545","1554","","1581","1593","1605","1621","1664",
"10-19세","신규","인원","명","","","","","","","","","","","","","","","","","","","","","","","","","","","","","","","","","","","","","","","","","","","","","","","","","","","","","","","","","","","","","","","","","","","","","0","0","0","0","0","0","0","0","0","0","0","0","0","0","0","0","0","0","0","0","0","0","0","0","0","0","0","0","0","0","0","0","0","0","0","0","0","0","0","0","0","0","0","0","","","0","0","0","0","0","0","0","0","","","0","0","0","0","0","0","0","0","0","0","0","0","","","0","0","0","0","0","0","0","0","0","0","0","0","0","0","0","0","0","0","0","0","0","0","0","0","0","0","0","0","0","0","0","0","0","0","0","0","0","0","0","0","0","0","0","0","0","0","0","0","0","0","0","0","0","0","0","0","0","0","0","0","0","0","0","0","0","0","0","0","0","0","0","0","0","0","0","0","0","0","0","0","0","0","0","0","0","0","0","0","0","0","0","","","","","0","0","0","0","","","0","0","0","0","0","0","0","0","0","0","0","0","0","","","0","0","0","0","0","0","0","0","0","0","0","0","0","0","0","0","0","","","","0","","","","0","0","0","0","0","0","0","0","0","0","","","0","0","0","0",
"10-19세","누적","인원","명","","","","","","","","","","","","","","","","","","","","","","","","","","","","","","","","","","","","","","","","","","","","","","","","","","","","","","","","","","","","","","","0","","","","","0","0","0","0","0","0","0","0","0","0","0","0","0","0","0","0","0","0","0","0","0","0","0","0","0","0","0","0","0","0","0","0","0","0","0","0","0","0","0","0","0","0","0","0","0","","0","0","0","0","0","0","0","0","0","","0","0","0","0","0","0","0","0","0","0","0","0","0","","0","0","0","0","0","0","0","0","0","0","0","0","0","0","0","0","0","0","0","0","0","0","0","0","0","0","0","0","0","0","0","0","0","0","0","0","0","0","0","0","0","0","0","0","0","0","0","0","0","0","0","0","0","0","0","0","0","0","0","0","0","0","0","0","0","0","0","0","0","0","0","0","0","0","0","0","0","0","0","0","0","0","0","0","0","0","0","0","0","0","0","0","","0","","0","0","0","0","0","","0","0","0","0","0","0","0","0","0","0","0","0","0","0","","0","0","0","0","0","0","0","0","0","0","0","0","0","0","0","0","0","0","","","0","0","","","0","0","0","0","0","0","0","0","0","0","0","","0","0","0","0","0",
"20-29세","신규","인원","명","","","","","","","","","","","","","","","","","","","","","","","","","","","","","","","","","","","","","","","","","","","","","","","","","","","","","","","","","","","","","","","","","","","","","13","12","7","5","13","10","7","9","5","9","9","3","5","2","3","2","1","3","3","3","5","3","1","5","3","2","2","0","0","2","1","12","19","21","10","13","14","10","8","5","3","5","13","3","","","4","3","3","8","15","12","9","9","","","5","5","5","2","3","5","3","6","6","0","20","8","","","8","10","8","9","5","3","4","3","0","8","14","12","9","10","0","12","10","12","8","7","12","11","11","10","8","4","18","6","4","-4","26","10","4","8","12","8","19","3","13","4","5","4","6","2","5","0","5","4","6","6","13","3","7","7","4","6","4","11","14","32","39","22","17","29","30","42","55","34","30","41","37","52","32","31","44","43","25","43","22","17","14","19","13","12","7","13","22","16","0","41","8","14","25","","","0","25","6","9","","","7","14","5","8","8","7","6","6","4","17","26","8","6","","","11","19","21","30","13","7","5","12","13","11","12","18","10","12","10","21","12","","","16","21","","","","19","21","24","10","9","15","21","20","26","28","","","37","37","47","48",
"20-29세","누적","인원","명","","","","","","","","","","","","","","","","","","","","","","","","","","","","","","","","","","","","","","","","","","","","","","","","","","","","","","","","","","","","","","","2656","","","","","2819","2832","2844","2851","2856","2869","2879","2886","2895","2900","2909","2918","2921","2926","2928","2931","2933","2934","2937","2940","2943","2948","2951","2952","2957","2960","2962","2964","2964","2964","2966","2967","2979","2998","3019","3029","3042","3056","3066","3074","3079","3082","3087","3100","3103","","3113","3117","3120","3123","3131","3146","3158","3167","3176","","3183","3188","3193","3198","3200","3203","3208","3211","3217","3223","3223","3243","3251","","3259","3267","3277","3285","3294","3299","3302","3306","3309","3309","3317","3331","3343","3352","3362","3362","3374","3384","3396","3404","3411","3423","3434","3445","3455","3463","3467","3485","3491","3495","3491","3517","3527","3531","3539","3551","3559","3578","3581","3594","3598","3603","3607","3613","3615","3620","3620","3625","3629","3635","3641","3654","3657","3664","3671","3675","3681","3685","3696","3710","3742","3781","3803","3820","3849","3879","3921","3976","4010","4040","4081","4118","4170","4202","4233","4277","4320","4345","4388","4410","4427","4441","4460","4473","4485","4492","4505","4527","4543","4543","4584","4592","4606","4631","","4653","4653","4678","4684","4693","","4720","4727","4741","4746","4754","4762","4769","4775","4781","4785","4802","4828","4836","4842","","4861","4872","4891","4912","4942","4955","4962","4967","4979","4992","5003","5015","5033","5043","5055","5065","5086","5098","","5131","5147","5168","","","5218","5237","5258","5282","5292","5301","5316","5337","5357","5383","5411","","5473","5510","5547","5594","5642",
"20-29세","신규","인원","명","","","","","","","","","","","","","","","","","","","","","","","","","","","","","","","","","","","","","","","","","","","","","","","","","","","","","","","","","","","","","","","","","","","","","0","0","0","0","0","0","0","0","0","0","0","0","0","0","0","0","0","0","0","0","0","0","0","0","0","0","0","0","0","0","0","0","0","0","0","0","0","0","0","0","0","0","0","0","","","0","0","0","0","0","0","0","0","","","0","0","0","0","0","0","0","0","0","0","0","0","","","0","0","0","0","0","0","0","0","0","0","0","0","0","0","0","0","0","0","0","0","0","0","0","0","0","0","0","0","0","0","0","0","0","0","0","0","0","0","0","0","0","0","0","0","0","0","0","0","0","0","0","0","0","0","0","0","0","0","0","0","0","0","0","0","0","0","0","0","0","0","0","0","0","0","0","0","0","0","0","0","0","0","0","0","0","0","0","0","0","0","0","0","0","","","0","0","0","0","","","0","0","0","0","0","0","0","0","0","0","0","0","0","","","0","0","0","0","0","0","0","0","0","0","0","0","0","0","0","0","0","","","0","0","","","","0","0","0","0","0","0","0","0","0","0","","","0","0","0","0",
"20-29세","누적","인원","명","","","","","","","","","","","","","","","","","","","","","","","","","","","","","","","","","","","","","","","","","","","","","","","","","","","","","","","","","","","","","","","0","","","","","0","0","0","0","0","0","0","0","0","0","0","0","0","0","0","0","0","0","0","0","0","0","0","0","0","0","0","0","0","0","0","0","0","0","0","0","0","0","0","0","0","0","0","0","0","","0","0","0","0","0","0","0","0","0","","0","0","0","0","0","0","0","0","0","0","0","0","0","","0","0","0","0","0","0","0","0","0","0","0","0","0","0","0","0","0","0","0","0","0","0","0","0","0","0","0","0","0","0","0","0","0","0","0","0","0","0","0","0","0","0","0","0","0","0","0","0","0","0","0","0","0","0","0","0","0","0","0","0","0","0","0","0","0","0","0","0","0","0","0","0","0","0","0","0","0","0","0","0","0","0","0","0","0","0","0","0","0","0","0","0","0","0","","0","0","0","0","0","","0","0","0","0","0","0","0","0","0","0","0","0","0","0","","0","0","0","0","0","0","0","0","0","0","0","0","0","0","0","0","0","0","","0","0","0","","","0","0","0","0","0","0","0","0","0","0","0","","0","0","0","0","0",
"30-39세","신규","인원","명","","","","","","","","","","","","","","","","","","","","","","","","","","","","","","","","","","","","","","","","","","","","","","","","","","","","","","","","","","","","","","","","","","","","","10","7","4","2","5","2","4","5","1","3","1","1","2","0","1","1","1","1","4","5","2","2","2","1","1","3","1","1","1","1","7","3","3","8","6","5","3","5","2","2","4","0","4","2","","","4","3","4","6","26","9","2","7","","","6","3","2","6","6","2","2","9","10","0","9","3","","","14","4","9","13","10","4","9","15","9","10","10","12","5","6","0","19","10","16","9","10","6","11","7","9","6","13","15","5","8","-8","37","5","10","4","8","8","3","5","38","13","7","4","16","6","13","10","7","3","5","7","3","1","4","5","3","5","11","12","17","20","28","27","27","32","35","40","40","40","35","30","47","50","48","36","39","15","24","25","21","24","19","15","17","17","16","13","19","12","0","25","10","9","11","","","0","20","10","10","","","7","16","3","7","20","9","10","13","9","9","8","13","7","","","14","19","16","11","10","9","16","14","7","7","12","10","18","4","8","25","9","15","23","16","22","","","","25","20","24","15","26","25","13","18","23","19","","","27","26","47","47",
"30-39세","누적","인원","명","","","","","","","","","","","","","","","","","","","","","","","","","","","","","","","","","","","","","","","","","","","","","","","","","","","","","","","","","","","","","","","1012","","","","","1092","1102","1109","1113","1115","1120","1122","1126","1131","1132","1135","1136","1137","1139","1139","1140","1141","1142","1143","1147","1152","1154","1156","1158","1159","1160","1163","1164","1165","1166","1167","1174","1177","1180","1188","1194","1199","1202","1207","1209","1211","1215","1215","1219","1221","","1231","1235","1238","1242","1248","1274","1283","1285","1292","","1299","1305","1308","1310","1316","1322","1324","1326","1335","1345","1345","1354","1357","","1366","1380","1384","1393","1406","1416","1420","1429","1444","1453","1463","1473","1485","1490","1496","1496","1515","1525","1541","1550","1560","1566","1577","1584","1593","1599","1612","1627","1632","1640","1632","1669","1674","1684","1688","1696","1704","1707","1712","1750","1763","1770","1774","1790","1796","1809","1819","1826","1829","1834","1841","1844","1845","1849","1854","1857","1862","1873","1885","1902","1922","1950","1977","2004","2036","2071","2111","2151","2191","2226","2256","2303","2353","2401","2437","2476","2491","2515","2540","2561","2585","2604","2619","2636","2653","2669","2682","2701","2713","2713","2738","2748","2757","2768","","2792","2792","2812","2822","2832","","2855","2862","2878","2881","2888","2908","2917","2927","2940","2949","2958","2966","2979","2986","","3000","3014","3033","3049","3060","3070","3079","3095","3109","3116","3123","3135","3145","3163","3167","3175","3200","3209","3224","3247","3263","3285","","","3330","3355","3375","3399","3414","3440","3465","3478","3496","3519","3538","","3597","3624","3650","3697","3744",
"30-39세","신규","인원","명","","","","","","","","","","","","","","","","","","","","","","","","","","","","","","","","","","","","","","","","","","","","","","","","","","","","","","","","","","","","","","","","","","","","","0","0","0","0","0","0","0","0","0","0","0","1","0","0","0","0","0","0","0","0","0","0","0","0","0","0","0","0","0","0","0","0","0","0","0","0","0","0","0","0","0","0","0","0","","","0","0","0","0","0","0","0","0","","","0","0","0","0","0","0","0","0","0","0","0","0","","","0","0","0","0","0","0","0","0","0","0","0","0","0","0","0","0","0","0","0","0","0","0","0","0","0","0","0","0","0","0","0","0","0","0","0","0","0","0","0","0","0","0","0","0","0","0","-1","1","0","0","0","0","0","0","0","0","0","0","0","0","0","0","0","0","0","0","0","0","0","0","0","0","0","0","0","0","0","0","0","0","0","0","0","0","0","0","0","0","0","0","0","0","0","","","0","0","0","0","","","0","0","0","0","0","0","0","0","0","0","0","0","0","","","0","0","0","0","0","0","0","0","0","0","0","0","0","0","0","0","0","0","0","0","0","","","","0","0","0","0","0","0","0","0","0","0","","","0","0","0","0",
"30-39세","누적","인원","명","","","","","","","","","","","","","","","","","","","","","","","","","","","","","","","","","","","","","","","","","","","","","","","","","","","","","","","","","","","","","","","1","","","","","1","1","1","1","1","1","1","1","1","1","1","1","2","2","2","2","2","2","2","2","2","2","2","2","2","2","2","2","2","2","2","2","2","2","2","2","2","2","2","2","2","2","2","2","2","","2","2","2","2","2","2","2","2","2","","2","2","2","2","2","2","2","2","2","2","2","2","2","","2","2","2","2","2","2","2","2","2","2","2","2","2","2","2","2","2","2","2","2","2","2","2","2","2","2","2","2","2","2","2","2","2","2","2","2","2","2","2","2","2","2","2","2","2","2","2","1","2","2","2","2","2","2","2","2","2","2","2","2","2","2","2","2","2","2","2","2","2","2","2","2","2","2","2","2","2","2","2","2","2","2","2","2","2","2","2","2","2","2","2","2","2","2","","2","2","2","2","2","","2","2","2","2","2","2","2","2","2","2","2","2","2","2","","2","2","2","2","2","2","2","2","2","2","2","2","2","2","2","2","2","2","2","2","2","2","","","2","2","2","2","2","2","2","2","2","2","2","","2","2","2","2","2",
"40-49세","신규","인원","명","","","","","","","","","","","","","","","","","","","","","","","","","","","","","","","","","","","","","","","","","","","","","","","","","","","","","","","","","","","","","","","","","","","","","5","7","2","3","1","1","4","3","2","1","1","0","0","1","4","1","0","2","1","1","1","3","1","2","1","2","3","1","0","0","2","0","4","4","2","2","1","2","1","3","5","0","6","3","","","7","2","3","3","14","10","4","4","","","5","3","3","11","8","5","4","1","5","0","4","6","","","2","6","3","8","5","1","9","11","2","5","6","10","6","8","0","4","6","8","11","6","7","15","11","5","2","5","9","3","9","-9","32","9","3","4","3","10","8","6","34","15","3","7","11","4","8","6","8","2","6","4","3","5","4","3","3","4","12","5","16","24","35","23","27","39","32","42","48","62","39","33","42","70","53","47","37","28","25","24","29","27","19","25","16","17","15","17","22","18","0","22","18","17","20","","","0","20","10","14","","","5","12","5","7","20","14","6","11","13","8","2","10","9","","","8","16","20","11","8","10","6","13","15","12","18","18","21","9","11","22","14","17","14","19","18","","","7","11","23","26","21","22","19","12","12","22","23","","","29","36","61","56",
"40-49세","누적","인원","명","","","","","","","","","","","","","","","","","","","","","","","","","","","","","","","","","","","","","","","","","","","","","","","","","","","","","","","","","","","","","","","1312","","","","","1382","1387","1394","1396","1399","1400","1401","1405","1408","1410","1411","1412","1412","1412","1413","1417","1418","1418","1420","1421","1422","1423","1426","1427","1429","1430","1432","1435","1436","1436","1436","1438","1438","1442","1446","1448","1450","1451","1453","1454","1457","1462","1462","1468","1471","","1474","1481","1483","1486","1489","1503","1513","1517","1521","","1529","1534","1537","1540","1551","1559","1564","1568","1569","1574","1574","1578","1584","","1599","1601","1607","1610","1618","1623","1624","1633","1644","1646","1651","1657","1667","1673","1681","1681","1685","1691","1699","1710","1716","1723","1738","1749","1754","1756","1761","1770","1773","1782","1773","1805","1814","1817","1821","1824","1834","1842","1848","1882","1897","1900","1907","1918","1922","1930","1936","1944","1946","1952","1956","1959","1964","1968","1971","1974","1978","1990","1995","2011","2035","2070","2093","2120","2159","2191","2233","2281","2343","2382","2415","2457","2527","2580","2627","2664","2692","2717","2741","2770","2797","2816","2841","2857","2874","2889","2906","2928","2946","2946","2968","2986","3003","3023","","3053","3053","3073","3083","3097","","3129","3134","3146","3151","3158","3178","3192","3198","3209","3222","3230","3232","3242","3251","","3263","3271","3287","3307","3318","3326","3336","3342","3355","3370","3382","3400","3418","3439","3448","3459","3481","3495","3512","3526","3545","3563","","3607","3614","3625","3648","3674","3695","3717","3736","3748","3760","3782","3805","","3861","3890","3926","3987","4043",
"40-49세","신규","인원","명","","","","","","","","","","","","","","","","","","","","","","","","","","","","","","","","","","","","","","","","","","","","","","","","","","","","","","","","","","","","","","","","","","","","","1","0","0","0","0","0","0","0","0","0","0","0","0","0","0","0","0","0","0","0","0","0","0","0","0","0","0","0","0","0","0","0","0","0","0","0","0","0","0","0","0","0","0","0","","","0","0","0","0","0","0","0","0","","","0","0","0","0","0","0","0","0","0","0","0","0","","","0","0","0","0","0","0","0","0","0","0","0","0","0","0","0","0","0","0","0","0","0","0","0","0","0","0","0","0","0","0","0","0","0","0","0","0","0","0","0","0","0","0","0","0","0","0","0","0","0","0","0","0","0","1","0","0","0","0","0","0","0","0","0","0","0","0","0","0","0","0","0","0","0","0","0","0","0","0","0","0","0","0","0","0","0","0","0","0","0","0","0","0","0","","","0","0","0","0","","","0","0","0","0","0","0","0","0","0","0","0","0","0","","","0","0","0","0","0","0","0","0","0","0","0","0","0","0","0","0","0","0","0","0","0","","","0","0","0","0","0","0","0","0","0","0","0","","","0","0","0","0",
"40-49세","누적","인원","명","","","","","","","","","","","","","","","","","","","","","","","","","","","","","","","","","","","","","","","","","","","","","","","","","","","","","","","","","","","","","","","1","","","","","2","3","3","3","3","3","3","3","3","3","3","3","3","3","3","3","3","3","3","3","3","3","3","3","3","3","3","3","3","3","3","3","3","3","3","3","3","3","3","3","3","3","3","3","3","","3","3","3","3","3","3","3","3","3","","3","3","3","3","3","3","3","3","3","3","3","3","3","","3","3","3","3","3","3","3","3","3","3","3","3","3","3","3","3","3","3","3","3","3","3","3","3","3","3","3","3","3","3","3","3","3","3","3","3","3","3","3","3","3","3","3","3","3","3","3","3","3","3","3","3","3","3","4","4","4","4","4","4","4","4","4","4","4","4","4","4","4","4","4","4","4","4","4","4","4","4","4","4","4","4","4","4","4","4","4","4","4","4","4","4","4","4","","4","4","4","4","4","","4","4","4","4","4","4","4","4","4","4","4","4","4","4","","4","4","4","4","4","4","4","4","4","4","4","4","4","4","4","4","4","4","4","4","4","4","","4","4","4","4","4","4","4","4","4","4","4","4","","4","4","4","4","4",
"50-59세","신규","인원","명","","","","","","","","","","","","","","","","","","","","","","","","","","","","","","","","","","","","","","","","","","","","","","","","","","","","","","","","","","","","","","","","","","","","","6","2","3","6","4","2","3","2","3","2","2","1","3","3","0","1","1","0","0","0","2","1","0","0","0","0","0","1","0","0","0","1","2","0","3","1","0","1","1","1","1","3","1","0","","","4","5","4","6","12","9","10","6","","","9","9","7","8","11","6","10","7","9","0","26","7","","","7","9","12","12","8","5","9","10","6","4","5","6","5","6","0","30","7","8","7","9","7","10","9","8","8","3","4","6","9","-9","23","7","3","4","5","9","12","8","14","18","1","5","5","0","4","8","4","4","4","6","8","2","10","7","4","9","12","10","19","33","58","38","61","58","55","61","66","82","48","53","60","108","73","54","55","49","45","48","36","39","38","35","22","34","28","29","34","34","0","43","18","22","36","","","0","25","16","23","29","19","10","19","10","5","26","13","11","11","8","12","11","28","12","","","6","12","13","9","5","8","19","22","13","9","15","24","26","14","9","22","23","20","17","16","26","","","15","20","29","28","9","22","19","13","21","25","42","","","40","44","55","55",
"50-59세","누적","인원","명","","","","","","","","","","","","","","","","","","","","","","","","","","","","","","","","","","","","","","","","","","","","","","","","","","","","","","","","","","","","","","","1851","","","","","1909","1915","1917","1920","1926","1930","1932","1935","1937","1940","1942","1944","1945","1948","1951","1951","1952","1953","1953","1953","1953","1955","1956","1956","1956","1956","1956","1956","1957","1957","1957","1957","1958","1960","1960","1963","1964","1964","1965","1966","1967","1968","1971","1972","1972","","1983","1987","1992","1996","2002","2014","2023","2033","2039","","2061","2070","2079","2086","2094","2105","2111","2121","2128","2137","2137","2163","2170","","2182","2189","2198","2210","2222","2230","2235","2244","2254","2260","2264","2269","2275","2280","2286","2286","2316","2323","2331","2338","2347","2354","2364","2373","2381","2389","2392","2396","2402","2411","2402","2425","2432","2435","2439","2444","2453","2465","2473","2487","2505","2506","2511","2516","2516","2520","2528","2532","2536","2540","2546","2554","2556","2566","2573","2577","2586","2598","2608","2627","2660","2718","2756","2817","2875","2930","2991","3057","3139","3187","3240","3300","3408","3481","3535","3590","3639","3684","3732","3768","3807","3845","3880","3902","3936","3964","3993","4027","4061","4061","4104","4122","4144","4180","","4239","4239","4264","4280","4303","4332","4351","4361","4380","4390","4395","4421","4434","4445","4456","4464","4476","4487","4515","4527","","4543","4549","4561","4574","4583","4588","4596","4615","4637","4650","4659","4674","4698","4724","4738","4747","4769","4792","4812","4829","4845","4871","","4894","4909","4929","4958","4986","4995","5017","5036","5049","5070","5095","5137","","5222","5262","5306","5361","5416",
"50-59세","신규","인원","명","","","","","","","","","","","","","","","","","","","","","","","","","","","","","","","","","","","","","","","","","","","","","","","","","","","","","","","","","","","","","","","","","","","","","0","0","0","1","0","0","0","0","0","0","1","0","0","0","0","0","0","0","0","0","0","0","0","0","0","0","0","0","0","0","0","0","0","0","0","0","0","0","0","0","0","0","0","0","","","0","0","0","0","0","0","0","0","","","0","0","0","0","0","0","0","0","0","0","0","0","","","0","0","0","0","0","0","0","0","0","0","0","0","0","0","0","0","0","0","0","0","0","0","0","0","0","0","0","0","0","0","0","1","0","0","0","0","0","0","0","0","0","0","0","0","0","0","-3","3","0","0","0","0","0","0","0","0","0","0","0","0","0","0","0","0","0","0","0","0","0","0","0","0","0","0","0","0","0","0","0","0","0","0","0","0","0","0","0","1","0","0","0","0","0","","","0","0","0","0","1","0","0","0","1","0","0","0","0","0","0","0","0","0","1","","","0","0","1","0","0","0","0","0","0","0","0","0","0","0","0","0","0","0","0","0","0","","","1","0","0","0","0","0","0","0","0","0","0","","","0","0","0","0",
"50-59세","누적","인원","명","","","","","","","","","","","","","","","","","","","","","","","","","","","","","","","","","","","","","","","","","","","","","","","","","","","","","","","","","","","","","","","10","","","","","13","13","13","13","14","14","14","14","14","14","14","15","15","15","15","15","15","15","15","15","15","15","15","15","15","15","15","15","15","15","15","15","15","15","15","15","15","15","15","15","15","15","15","15","15","","15","15","15","15","15","15","15","15","15","","15","15","15","15","15","15","15","15","15","15","15","15","15","","15","15","15","15","15","15","15","15","15","15","15","15","15","15","15","15","15","15","15","15","15","15","15","15","15","15","15","15","15","15","15","15","16","16","16","16","16","16","16","16","16","16","16","16","16","16","16","13","16","16","16","16","16","16","16","16","16","16","16","16","16","16","16","16","16","16","16","16","16","16","16","16","16","16","16","16","16","16","16","16","16","16","16","16","16","16","16","16","17","17","17","17","17","17","","17","17","17","17","17","18","18","18","18","19","19","19","19","19","19","19","19","19","19","20","","20","20","20","21","21","21","21","21","21","21","21","21","21","21","21","21","21","21","21","21","21","21","","21","22","22","22","22","22","22","22","22","22","22","22","","23","23","23","23","23",
"60-69세","신규","인원","명","","","","","","","","","","","","","","","","","","","","","","","","","","","","","","","","","","","","","","","","","","","","","","","","","","","","","","","","","","","","","","","","","","","","","8","2","6","7","3","5","3","1","2","1","1","0","0","0","1","0","1","2","0","0","1","0","0","0","1","2","2","0","1","0","1","0","2","1","0","1","0","2","3","0","1","3","1","0","","","3","2","1","8","6","8","4","1","","","15","9","10","9","12","11","9","16","5","0","21","8","","","3","13","11","13","10","2","7","5","5","6","7","13","12","3","0","18","11","9","14","4","7","5","3","3","2","9","5","4","7","-7","19","0","6","1","3","11","9","11","8","5","2","3","4","6","3","5","2","4","2","5","9","5","13","7","13","7","2","6","15","29","56","48","67","72","48","74","56","87","52","50","57","65","64","67","73","55","45","51","34","38","42","39","21","26","48","44","40","29","0","56","25","25","27","24","26","0","26","10","19","27","22","16","20","12","4","18","13","13","16","12","14","9","31","11","","","6","11","12","8","13","7","17","15","7","9","14","26","26","14","6","11","13","9","25","20","7","","","11","23","15","13","13","24","15","15","30","15","28","","","53","38","41","44",
"60-69세","누적","인원","명","","","","","","","","","","","","","","","","","","","","","","","","","","","","","","","","","","","","","","","","","","","","","","","","","","","","","","","","","","","","","","","1235","","","","","1304","1312","1314","1320","1327","1330","1335","1338","1339","1341","1342","1343","1343","1343","1343","1344","1344","1345","1347","1347","1347","1348","1348","1348","1348","1349","1351","1353","1353","1354","1354","1355","1355","1357","1358","1358","1359","1359","1361","1364","1364","1365","1368","1369","1369","","1372","1375","1377","1378","1386","1392","1400","1404","1405","","1421","1436","1445","1455","1464","1476","1487","1496","1512","1517","1517","1538","1546","","1558","1561","1574","1585","1598","1608","1610","1617","1622","1627","1633","1640","1653","1665","1668","1668","1686","1697","1706","1720","1724","1731","1736","1739","1742","1744","1753","1758","1762","1769","1762","1781","1781","1787","1788","1791","1802","1811","1822","1830","1835","1837","1840","1844","1850","1853","1858","1860","1864","1866","1871","1880","1885","1898","1905","1918","1925","1927","1933","1948","1977","2033","2081","2148","2220","2268","2342","2398","2485","2537","2587","2644","2709","2773","2840","2913","2968","3013","3064","3098","3136","3178","3217","3238","3264","3312","3356","3396","3425","3425","3481","3506","3531","3558","3582","3608","3608","3634","3644","3663","3690","3712","3728","3748","3760","3764","3782","3795","3808","3824","3836","3850","3859","3890","3901","","3933","3939","3950","3962","3970","3983","3990","4007","4022","4029","4038","4052","4078","4104","4118","4124","4135","4148","4157","4182","4202","4209","","4242","4253","4276","4291","4304","4317","4341","4356","4371","4401","4416","4444","","4516","4569","4607","4648","4692",
"60-69세","신규","인원","명","","","","","","","","","","","","","","","","","","","","","","","","","","","","","","","","","","","","","","","","","","","","","","","","","","","","","","","","","","","","","","","","","","","","","1","0","1","1","2","1","1","0","0","0","0","1","0","0","0","1","0","0","0","0","0","0","0","0","0","0","1","0","0","1","0","0","0","0","0","0","1","0","0","0","0","0","0","0","","","0","0","0","0","0","0","0","0","","","0","0","0","0","0","0","0","0","0","0","1","0","","","0","0","0","0","0","0","1","0","0","0","0","0","0","0","0","0","0","0","0","0","0","0","0","0","0","0","0","0","0","0","0","0","0","0","0","0","0","0","0","0","0","0","0","0","0","0","-14","14","0","0","0","0","0","0","0","0","0","0","0","0","0","0","0","0","0","0","0","0","0","0","0","0","0","1","0","0","0","0","0","0","0","0","0","0","0","0","0","0","0","0","0","0","0","0","0","0","0","1","0","0","0","0","1","0","0","0","0","0","0","1","1","0","0","0","","","0","1","0","0","0","0","0","0","0","2","0","1","2","1","0","0","0","0","0","0","0","","","1","0","0","0","0","0","0","1","1","0","0","","","0","0","0","2",
"60-69세","누적","인원","명","","","","","","","","","","","","","","","","","","","","","","","","","","","","","","","","","","","","","","","","","","","","","","","","","","","","","","","","","","","","","","","22","","","","","26","27","27","28","29","31","32","33","33","33","33","33","34","34","34","34","35","35","35","35","35","35","35","35","35","35","35","36","36","36","37","37","37","37","37","37","37","38","38","38","38","38","38","38","38","","39","39","39","39","39","39","39","39","39","","39","39","39","39","39","39","39","39","39","39","39","40","40","","40","40","40","40","40","40","40","41","41","41","41","41","41","41","41","41","41","41","41","41","41","41","41","41","41","41","41","41","41","41","41","41","41","41","41","41","41","41","41","41","41","41","41","41","41","41","41","27","41","41","41","41","41","41","41","41","41","41","41","41","41","41","41","41","41","41","41","41","41","41","41","41","41","41","42","42","42","42","42","42","42","42","42","42","42","42","42","42","42","42","42","42","42","42","42","42","42","42","43","43","43","43","43","44","44","44","44","44","44","44","45","46","46","46","46","","46","46","47","47","47","47","47","47","47","47","49","49","50","52","53","53","53","53","53","53","53","53","","53","54","54","54","54","54","54","54","55","56","56","56","","57","57","57","57","59",
"70-79세","신규","인원","명","","","","","","","","","","","","","","","","","","","","","","","","","","","","","","","","","","","","","","","","","","","","","","","","","","","","","","","","","","","","","","","","","","","","","3","0","2","0","3","1","2","2","1","1","1","0","0","1","1","1","0","0","0","0","1","0","0","0","0","1","0","0","0","0","0","0","1","0","0","1","0","2","0","1","0","1","1","0","","","1","0","2","3","0","0","1","0","","","6","6","7","8","8","3","5","7","5","0","9","1","","","5","7","3","3","6","1","4","2","2","1","4","3","1","3","0","14","4","2","6","2","2","6","1","3","4","1","3","4","0","0","6","1","2","0","8","6","4","4","2","1","4","1","5","0","1","1","1","1","0","1","3","0","3","0","1","3","3","2","6","11","31","14","22","29","30","34","34","27","24","30","34","41","48","36","21","26","30","40","22","22","18","16","20","14","22","12","16","14","0","24","11","18","17","12","15","0","21","5","22","9","14","9","7","3","0","9","7","4","13","8","6","4","16","10","","","6","8","7","2","11","2","2","8","7","3","5","11","13","5","1","3","4","7","10","6","10","","","3","10","6","9","11","24","15","9","19","9","17","","","15","18","20","17",
"70-79세","누적","인원","명","","","","","","","","","","","","","","","","","","","","","","","","","","","","","","","","","","","","","","","","","","","","","","","","","","","","","","","","","","","","","","","651","","","","","689","692","692","694","694","697","698","700","702","703","704","705","705","705","706","707","708","708","708","708","708","709","709","709","709","709","710","710","710","710","710","710","710","711","711","711","712","712","714","714","715","715","716","717","717","","718","719","719","721","724","724","724","725","725","","732","738","744","751","759","767","770","775","782","787","787","796","797","","805","810","817","820","823","829","830","834","836","838","839","843","846","847","850","850","864","868","870","876","878","880","886","887","890","894","895","898","902","902","902","908","909","911","911","919","925","929","933","935","936","940","941","946","946","947","948","949","950","950","951","954","954","957","957","958","961","964","966","972","983","1014","1028","1050","1079","1109","1143","1177","1204","1228","1258","1292","1333","1381","1417","1438","1464","1494","1534","1556","1578","1596","1612","1632","1646","1668","1680","1696","1710","1710","1734","1745","1763","1780","1792","1807","1807","1828","1833","1855","1864","1878","1887","1894","1897","1897","1906","1913","1917","1930","1938","1944","1948","1964","1974","","1985","1991","1999","2006","2008","2019","2021","2023","2031","2038","2041","2046","2057","2070","2075","2076","2079","2083","2090","2100","2106","2116","","2130","2133","2143","2149","2158","2169","2193","2208","2217","2236","2245","2262","","2282","2297","2315","2335","2352",
"70-79세","신규","인원","명","","","","","","","","","","","","","","","","","","","","","","","","","","","","","","","","","","","","","","","","","","","","","","","","","","","","","","","","","","","","","","","","","","","","","3","0","2","1","0","1","1","3","0","0","0","0","1","1","1","0","0","0","1","0","1","0","1","1","0","0","1","0","1","0","0","0","0","0","0","0","0","0","0","0","1","0","0","0","","","0","1","0","0","0","0","0","1","","","1","0","0","0","0","0","0","0","0","0","0","0","","","0","0","0","0","0","0","0","0","1","0","0","0","0","0","0","0","0","0","0","1","0","0","0","0","0","1","0","0","0","2","0","0","0","1","0","0","0","1","0","0","1","1","0","0","0","0","-30","30","0","0","0","0","0","0","0","0","0","0","0","0","0","0","1","0","0","2","0","0","0","0","0","1","0","1","1","1","0","1","1","1","0","1","1","2","1","1","2","1","0","4","1","0","0","4","0","0","3","2","0","3","2","2","0","2","1","3","2","0","3","0","0","0","0","0","","","0","0","0","1","0","1","1","1","0","0","1","0","0","0","0","0","2","1","1","1","0","","","1","1","0","1","0","0","1","1","0","0","0","","","0","0","2","0",
"70-79세","누적","인원","명","","","","","","","","","","","","","","","","","","","","","","","","","","","","","","","","","","","","","","","","","","","","","","","","","","","","","","","","","","","","","","","46","","","","","57","60","60","62","63","63","64","65","68","68","68","68","68","69","70","71","71","71","71","72","72","73","73","74","75","75","75","76","76","77","77","77","77","77","77","77","77","77","77","77","77","78","78","78","78","","78","78","79","79","79","79","79","79","80","","80","81","81","81","81","81","81","81","81","81","81","81","81","","81","81","81","81","81","81","81","81","81","82","82","82","82","82","82","82","82","82","82","82","83","83","83","83","83","83","84","84","84","84","86","86","86","86","87","87","87","87","88","88","88","89","90","90","90","90","90","60","90","90","90","90","90","90","90","90","90","90","90","90","90","90","90","91","91","91","93","93","93","93","93","93","94","94","95","96","97","97","98","99","100","100","101","102","104","105","106","108","109","109","113","114","114","114","118","118","118","121","123","123","126","128","130","130","132","133","136","138","138","141","141","141","141","141","141","","142","142","142","142","143","143","144","145","146","146","146","147","147","147","147","147","147","149","150","151","152","152","","152","153","154","154","155","155","155","156","157","157","157","157","","157","157","157","159","159",
"80세 이상","신규","인원","명","","","","","","","","","","","","","","","","","","","","","","","","","","","","","","","","","","","","","","","","","","","","","","","","","","","","","","","","","","","","","","","","","","","","","4","3","1","1","0","1","1","1","2","0","1","1","0","1","0","1","1","0","0","0","0","0","0","1","0","2","0","0","0","0","0","0","0","0","1","1","0","0","0","0","0","0","0","0","","","0","0","0","1","0","3","3","0","","","0","3","2","3","2","3","5","1","1","0","11","1","","","1","8","1","3","3","0","1","2","0","2","2","1","0","0","0","2","3","3","0","3","0","1","1","1","4","1","1","1","0","0","3","0","1","1","4","4","0","2","2","2","1","0","0","0","1","0","1","0","2","0","0","0","0","2","0","0","2","2","2","3","6","7","2","7","11","6","3","14","16","9","17","19","20","18","8","11","10","14","17","15","9","7","2","3","6","11","17","4","0","7","2","4","4","5","6","0","5","1","5","9","10","0","2","4","4","2","4","4","3","6","4","2","5","3","","","3","2","1","2","31","2","4","1","9","1","10","8","28","5","4","4","4","5","4","4","10","","","1","5","2","5","4","9","9","5","15","4","18","","","4","8","21","11",
"80세 이상","누적","인원","명","","","","","","","","","","","","","","","","","","","","","","","","","","","","","","","","","","","","","","","","","","","","","","","","","","","","","","","","","","","","","","","442","","","","","466","470","473","474","475","475","476","477","478","480","480","481","482","482","483","483","484","485","485","485","485","485","485","485","486","486","488","488","488","488","488","488","488","488","488","489","490","490","490","490","490","490","490","490","490","","491","491","491","491","492","492","495","498","498","","499","499","502","504","507","509","512","517","518","519","519","530","531","","532","533","541","542","545","548","548","549","551","551","553","555","556","556","556","556","558","561","564","564","567","567","568","569","570","574","575","576","577","577","577","580","580","581","582","586","590","590","592","594","596","597","597","597","597","598","598","599","599","601","601","601","601","601","603","603","603","605","607","609","612","618","625","627","634","645","651","654","668","684","693","710","729","749","767","775","786","796","810","827","842","851","858","860","863","869","880","897","901","901","908","910","914","918","923","929","929","934","935","940","949","959","959","961","965","969","971","975","979","982","988","992","994","999","1002","","1008","1011","1013","1014","1016","1047","1049","1053","1054","1063","1064","1074","1082","1110","1115","1119","1123","1127","1132","1136","1140","1150","","1157","1158","1163","1165","1170","1174","1183","1192","1197","1212","1216","1234","","1246","1250","1258","1279","1290",
"80세 이상","신규","인원","명","","","","","","","","","","","","","","","","","","","","","","","","","","","","","","","","","","","","","","","","","","","","","","","","","","","","","","","","","","","","","","","","","","","","","3","4","1","0","1","1","3","0","4","1","1","0","1","0","0","1","0","0","1","1","0","2","0","0","2","0","0","2","0","0","0","0","0","0","2","1","0","0","2","0","0","0","0","1","","","0","0","2","0","0","0","0","0","","","0","0","0","0","0","0","1","2","0","0","0","0","","","1","1","0","0","0","0","0","0","0","0","0","0","0","0","0","0","0","1","0","0","1","0","2","1","0","0","0","0","0","0","2","0","1","0","0","1","0","0","0","0","0","0","0","0","1","0","-53","53","0","1","0","1","1","0","0","0","0","0","0","0","0","0","0","0","1","0","0","0","0","1","2","0","3","3","1","0","0","1","2","1","2","0","1","3","2","1","2","3","0","4","3","0","5","1","1","0","4","0","0","1","0","2","1","2","0","3","0","1","1","0","0","0","3","1","","","2","0","0","3","1","1","1","0","0","1","2","2","0","1","0","0","1","0","0","0","1","","","1","1","1","0","1","1","1","3","1","0","1","","","1","0","0","0",
"80세 이상","누적","인원","명","","","","","","","","","","","","","","","","","","","","","","","","","","","","","","","","","","","","","","","","","","","","","","","","","","","","","","","","","","","","","","","82","","","","","93","96","100","101","101","102","103","106","106","110","111","112","112","113","113","113","114","114","114","115","116","116","118","118","118","120","120","120","122","122","122","122","122","122","122","124","125","125","125","127","127","127","127","127","128","","129","129","129","131","131","131","131","131","131","","133","133","133","133","133","133","133","134","136","136","136","136","136","","137","138","139","139","139","139","139","139","139","139","139","139","139","139","139","139","139","139","140","140","140","141","141","143","144","144","144","144","144","144","144","146","146","147","147","147","148","148","148","148","148","148","148","148","148","149","149","96","149","149","150","150","151","152","152","152","152","152","152","152","152","152","152","152","152","153","153","153","153","153","154","156","156","159","162","163","163","163","164","166","167","169","169","170","173","175","176","178","181","181","185","188","188","193","194","195","195","199","199","199","200","200","202","203","205","205","208","208","209","210","210","210","210","213","214","","216","218","218","218","221","222","223","224","224","224","225","227","229","229","230","230","230","231","231","231","231","232","","236","237","238","239","239","240","241","242","245","246","246","247","","250","251","251","251","251",
